ratio_valor,cantidad,veces_repetido_beneficiario,anomalo
1.0180697802754206,1,1,0
6.000113911355078,4,1,1
1.0108229294790987,1,1,0
1.0415167908272123,3,1,0
1.0098430617934562,1,1,0
0.9510813611192483,1,1,0
1.0314814420961806,1,1,0
0.9040614392350479,2,1,0
0.9982086980445024,1,1,0
1.0457701058851037,3,1,0
0.9384567841783023,3,1,0
0.9394491900118772,1,2,0
3.9324052111743786,2,3,1
1.0395515973521523,2,1,0
0.9951643444064804,5,2,0
1.0035783118609696,2,2,0
0.9877305941998564,1,1,0
0.9875517925760463,3,1,0
0.9530060106836322,5,3,0
1.0501766448946013,4,1,0
1.05677828200903,1,1,0
0.9360211516632149,2,1,0
1.0355479984101745,1,1,0
0.9661419144243945,1,1,0
1.0264902088957641,1,1,0
0.9764480847190838,3,3,0
0.9699146693885301,2,1,0
1.08148210655564,55,1,1
1.0099042380383927,1,1,0
0.9668688120527077,1,1,0
0.9536534764210959,3,1,0
1.0246658950440444,3,3,0
1.040643105941948,1,1,0
0.916923996886552,2,1,0
1.0064610590987613,3,2,0
0.9611091656204562,2,1,0
0.9287625906893272,1,3,0
0.9571958087045567,1,1,0
0.8980383911119949,2,2,0
1.15,3,3,0
0.9401896687959664,2,1,0
1.0426216667398112,2,1,0
1.0012255087129471,3,1,0
1.0258829510234562,3,1,0
0.9865555654722584,2,2,0
0.9744392161784408,3,1,0
1.0379484610246634,4,1,0
1.0375693561685895,2,1,0
1.0761562038634829,4,2,0
4.006655162708625,3,1,1
1.0252023257758922,3,2,0
1.042882981160101,1,2,0
0.969800740664209,2,3,0
1.0056758672625623,4,1,0
0.9673335383713144,2,1,0
1.03256956256529,1,1,0
0.9838969241897162,5,2,0
0.9143432735454561,5,1,0
1.0373646802561631,2,1,0
1.072078431032895,1,2,0
0.9260739004816286,1,1,0
0.9550792664325821,1,1,0
1.0507185032509065,1,1,0
0.9743066541331653,2,1,0
1.0257523843153025,3,1,0
1.0029104359223,2,1,0
0.8674515095803494,2,1,0
1.025045859381219,1,1,0
1.0312059908526077,2,2,0
0.9470393239055525,3,1,0
0.950519758987071,3,1,0
1.1135346428902198,1,2,0
3.1521402148180675,1,2,1
1.0652739403577165,3,1,0
0.9608373353831882,3,1,0
0.9696176827313263,87,3,1
1.0766369456501288,1,1,0
0.9569357899335869,1,1,0
0.9760412881077355,2,1,0
0.9643577108661417,1,1,0
0.909755894966774,3,1,0
1.013834539966501,3,2,0
0.9569793317358024,3,1,0
0.9963994939209833,3,1,0
5.7031653627018,3,2,1
0.9876240682224248,1,3,0
0.9700303677277989,4,1,0
0.9288873145201163,6,1,0
0.9757318226085449,2,1,0
0.8894432345496057,2,1,0
0.9275957829251338,1,1,0
0.9601552372264761,1,1,0
2.2489839530594384,1,2,1
5.165527839632994,2,1,1
0.9962783285449976,2,2,0
0.9942730077373692,2,1,0
1.0043523534119085,2,1,0
0.9558071281899434,2,1,0
1.0764775159730307,3,1,0
0.9324157697191833,1,1,0
1.0009209189594777,2,1,0
1.031142496617375,3,2,0
0.9880525976566795,2,1,0
1.0206465727137812,1,1,0
1.0589177834201378,1,17,1
0.9461127611035347,2,3,0
1.054575342596123,3,3,0
0.9311165316021455,1,1,0
0.9637128093423267,1,1,0
1.0107046872065102,1,1,0
1.014691627663793,1,14,1
0.9459471729795869,3,1,0
1.0310904981108597,2,1,0
0.9522229779699787,4,1,0
0.9611314257577047,99,1,1
0.9889515200233389,3,1,0
6.315471203454991,3,1,1
0.9157203397758138,3,13,1
1.0148060138532289,3,1,0
1.1442005797653516,1,18,1
1.0579055436750033,1,2,0
1.0178507742982523,3,2,0
1.0285445255346584,3,1,0
1.0192032724469653,1,1,0
1.0305292872641911,1,1,0
1.0045880388267752,1,1,0
0.9376108409017575,4,1,0
5.614815022743599,1,3,1
1.0529212243424795,1,1,0
1.0653571377141213,2,1,0
1.0316390933053143,3,1,0
1.0013045525105417,1,1,0
1.0200855861049472,1,1,0
1.067812001428541,3,1,0
0.9169519533242004,2,1,0
0.9753499532670583,3,1,0
1.0677818929402476,1,1,0
0.9944593719860456,96,3,1
0.9676713557878737,1,1,0
1.0316959511159005,2,1,0
0.9369558022832477,1,1,0
0.9118479922318633,2,1,0
0.9987937456444999,1,1,0
0.9898903673783053,1,3,0
1.084822818414502,1,1,0
1.0231051737131636,5,1,0
0.9003584016833687,1,15,1
1.020639046346825,2,3,0
0.9546218168979201,4,1,0
0.947114453552205,3,1,0
1.092613909225447,2,3,0
0.9814279567002104,3,1,0
0.9774967264260378,4,1,0
1.0049666152714614,1,1,0
0.9408370743667113,2,2,0
0.9962777042116916,2,1,0
0.9850496324767066,4,3,0
0.9232942914632188,3,1,0
1.0412708174494014,2,2,0
1.0738947022370757,2,1,0
1.0297578512718457,1,1,0
1.034810318240671,1,3,0
1.0307967803472131,4,2,0
1.0259673257120585,1,1,0
0.9459225998192803,4,1,0
0.9943835975154585,4,2,0
0.988293152152541,3,3,0
1.0515499761247975,2,2,0
1.0514577818662822,2,1,0
0.9650137246003707,2,1,0
1.104619363784273,2,2,0
1.0006296200390898,2,1,0
1.0130527636089945,2,1,0
0.9347765249747574,3,1,0
1.0117807279054283,2,2,0
0.9443848071706665,3,11,1
0.9260706877110079,1,2,0
1.031033604877534,1,1,0
1.0055461294854933,2,1,0
0.9595753198553406,1,1,0
0.9768291153593769,4,1,0
1.0487559866708875,3,1,0
0.9399851796472112,3,1,0
1.0467839196573732,3,1,0
1.0638832447894213,2,1,0
0.9761171276617442,2,3,0
1.057141140725751,1,1,0
0.9895938874821363,1,1,0
1.0340976485647482,3,1,0
0.9854153125103362,6,1,0
1.04656400595581,2,2,0
1.005783731714643,1,1,0
1.0188650246522426,2,3,0
1.0899362509175656,47,1,1
1.0048838049274416,3,1,0
1.0178556285755873,1,3,0
1.0547095759235474,2,2,0
0.9616326218555975,3,1,0
1.0002114929497077,97,1,1
0.9517538269709948,4,1,0
1.0229590039614218,1,2,0
0.9824243257979346,1,3,0
0.9374443211807348,2,3,0
0.9924107452482208,3,1,0
0.9981182648787575,2,2,0
0.9711554065238426,3,1,0
0.9855670680539931,5,1,0
0.9686516471106116,4,1,0
1.0478895807236452,50,1,1
0.9818193893893072,1,1,0
1.0589720060360643,1,1,0
1.046308877376582,2,3,0
0.9799389764057082,1,1,0
1.009792262754884,3,2,0
0.9196776839871214,1,1,0
1.0257219417029375,1,1,0
1.0683437133722262,1,1,0
0.9705317621527895,4,1,0
1.0383717364576455,1,1,0
1.0477571160250618,2,1,0
0.9642824290986816,1,1,0
1.0737678108474775,3,1,0
0.9120630256788442,1,1,0
0.9789677338617321,1,1,0
0.9428514851084688,1,2,0
0.9437255476350812,1,1,0
1.012986125086074,1,1,0
5.194825447303384,1,1,1
0.9580139078909612,1,2,0
0.9585502494538964,4,1,0
1.0775575987761261,1,1,0
1.0687465289769484,1,12,1
0.9934928472816158,3,2,0
1.0323844269050346,1,2,0
0.9240315017022993,3,1,0
0.9568004615160092,1,1,0
0.9308600134517832,1,1,0
1.0816205651965818,1,1,0
0.9404348251398675,1,1,0
1.0271680096189968,2,1,0
0.9234769295128311,49,1,1
0.9495956844541298,3,1,0
1.0037902279096864,3,1,0
0.9865296582777721,1,2,0
1.005866369165439,1,1,0
1.0814307772785645,1,1,0
0.9186228781058419,2,1,0
1.0060147815855949,5,2,0
1.1263766846055476,2,12,1
0.9586384528223838,2,1,0
1.0124110293150168,7,1,0
1.0029609217007245,4,1,0
0.9927819794038029,2,1,0
1.04770008817466,6,1,0
5.740277395759442,3,1,1
0.9006215542699554,2,1,0
1.026097078280845,2,1,0
1.0387317026714669,3,1,0
1.051876997212895,2,1,0
0.9480096734486558,75,2,1
0.8938052137845096,3,1,0
1.0101731817933612,2,2,0
1.0236796215317592,1,1,0
0.9734749426194736,4,1,0
1.0185572936685654,1,1,0
0.9703803037880565,4,1,0
0.9446737045629164,2,1,0
0.9355019550129473,6,1,0
0.9512063373511334,2,1,0
1.0331065337260523,2,1,0
0.9812589596225201,1,1,0
1.030300497567282,1,2,0
1.0449799937716626,3,1,0
0.9961449145292948,5,1,0
1.0309443149011577,81,1,1
1.0378753855023652,1,1,0
6.3565091089031025,2,1,1
7.5809912171753,3,1,1
1.004853877467402,5,1,0
0.9772602641311153,74,1,1
0.9571421221791858,2,1,0
1.0445651843434878,37,1,1
5.358467968002049,2,1,1
0.9677440122697438,4,1,0
1.0034281487403014,4,2,0
0.9777853369961944,5,2,0
1.0155625077271768,2,3,0
1.077496720250877,2,1,0
1.048168806462216,2,2,0
0.9699680655040598,2,1,0
0.9904830660958196,1,1,0
0.9377130610644006,2,1,0
1.0549388425993595,2,1,0
1.0371632047011357,1,1,0
0.9832107650354935,3,2,0
0.9807722227885087,2,1,0
1.0113729967302065,3,1,0
1.0170575987408321,1,1,0
1.0789606407753696,1,1,0
0.9792356043049599,3,3,0
1.0091671002869176,2,1,0
1.0782321827907002,2,1,0
1.0240504615868358,1,1,0
0.9551372814257084,1,1,0
1.0386154688159817,1,10,1
1.0390911435888655,1,1,0
1.1071972044662663,3,1,0
1.1157329283336754,1,1,0
1.0090933127529247,2,1,0
7.147609483983973,2,1,1
0.9468848143136948,2,1,0
0.9687590711152161,3,1,0
1.0395831346981468,1,1,0
1.0357000247046046,1,1,0
1.0085684140594986,3,1,0
0.992216138230396,4,3,0
1.0128775195361381,3,1,0
1.0684315778766174,3,1,0
0.958039123838868,3,3,0
1.043480296005283,1,1,0
1.0155453782799002,1,1,0
1.0954708320235065,3,1,0
0.9727808637737408,5,1,0
1.0053215113845948,1,3,0
1.035877112789798,2,1,0
0.9972226150551691,1,1,0
0.9807458859791842,4,1,0
0.9437678954081066,1,1,0
7.535622542563747,6,1,1
1.015390088444603,1,3,0
0.987371592430342,1,1,0
0.9459468336200051,6,1,0
1.0362883311949347,2,2,0
0.929576935181822,3,1,0
0.9498735317681095,3,3,0
0.9545987962239395,4,2,0
0.993134451710556,63,1,1
1.0122483285554362,4,1,0
0.9740864890863177,1,1,0
0.9907170511668092,3,1,0
1.058158187607748,3,1,0
0.9023956100238749,2,1,0
0.9945619925771572,6,3,0
0.9937630660563346,3,12,1
1.0120981135783018,1,1,0
0.9464553750969444,1,1,0
1.0475211919093026,3,1,0
0.9144915803671687,1,1,0
0.9193642064405174,2,1,0
1.019722607118915,1,1,0
0.978655946502629,2,2,0
0.9877128467957028,3,1,0
1.0319296229388688,1,1,0
1.0024042473330692,2,1,0
1.0411585291980958,4,1,0
1.0006500945938954,3,1,0
1.020671745161185,1,2,0
1.0183299123048424,2,2,0
1.1030373962440994,1,1,0
0.9589658840824145,1,1,0
1.0882727120140547,5,1,0
0.9079562884334177,5,1,0
0.9361625712089845,2,2,0
0.8690127447955127,2,1,0
1.1231621056242642,1,1,0
0.9711614334715833,2,3,0
1.0269455021842329,3,1,0
0.9919357144166996,2,2,0
0.9903819517609439,2,1,0
0.9968660451363414,1,1,0
0.9648973453061324,4,1,0
1.0340750348686312,2,2,0
1.0256633716556678,1,1,0
0.9587251401603745,1,2,0
1.034520177722947,2,15,1
6.5732723498850625,3,1,1
1.0779394592248448,83,1,1
0.9898477306978504,1,1,0
1.0583891030829904,4,1,0
0.9803945923433921,1,1,0
0.9767135123214872,2,1,0
0.9588094160072449,1,9,1
0.9849448152205356,2,1,0
0.994217585880588,3,1,0
1.031417275463214,1,1,0
1.0948396491326973,1,1,0
1.054039036277731,1,2,0
0.9435146572671191,1,1,0
0.9325907288947144,2,1,0
0.9452240305577219,98,1,1
0.9867671583381022,3,1,0
0.9575077815267604,2,1,0
1.0214809109566292,3,1,0
0.9510618142108846,2,1,0
1.0726767038578657,3,1,0
0.9845226780343005,1,1,0
1.0551650941008262,5,1,0
1.0075150880730939,2,1,0
0.973712248915962,2,1,0
0.964616526719061,1,1,0
0.8966278949980062,2,1,0
0.9926471309248931,1,1,0
1.0057113824331019,1,2,0
0.9718856235379514,1,1,0
1.0761514928204012,3,1,0
0.9983623364892,3,1,0
1.0633455574593311,1,2,0
0.9946484820022721,3,3,0
1.15,5,1,0
1.0486277224813365,3,2,0
1.0915729382927177,2,2,0
1.0343130095187256,4,3,0
0.9547841687447796,5,1,0
0.9482378838790313,1,2,0
1.0322687974792575,1,1,0
0.9496991309250149,1,1,0
0.967408194609892,2,2,0
1.0271280021792983,3,2,0
1.0202490855480477,1,1,0
1.0033764102343963,2,1,0
0.9990743432003805,2,1,0
0.9066367403704125,1,1,0
1.0938397906279034,2,1,0
1.031620386952776,1,1,0
0.9468110642498243,2,16,1
0.9966960100676342,3,1,0
0.9588889802216785,2,1,0
0.9296669451575889,3,2,0
1.028529933429658,1,3,0
1.0526901026017452,6,2,0
1.0093227157384714,2,1,0
0.9836168926701115,2,1,0
1.050314640460722,1,1,0
1.033483627441502,4,1,0
0.9737739866860113,3,3,0
1.1066516687328134,3,1,0
0.9888268607337074,3,1,0
1.0014878069747872,1,1,0
1.0751178526048015,1,1,0
1.0236298741206522,2,1,0
1.0116126848580502,3,1,0
1.0410951252187612,1,1,0
1.044745554213297,2,19,1
1.01688013310376,2,1,0
0.9699891561420603,2,1,0
1.0180818012523818,1,1,0
0.9064604039487072,3,2,0
0.9576603140965797,1,1,0
0.928206892441028,2,1,0
1.0751996494291345,1,3,0
0.9789507759589868,4,1,0
0.8987428706671197,2,3,0
0.9735119898116481,2,1,0
1.0135789418597687,5,2,0
0.9415660981190234,1,1,0
1.1095227812904989,1,1,0
1.0491345491972757,1,1,0
0.9688650240089703,3,1,0
0.9669106767615806,2,3,0
1.0248357076505616,2,1,0
0.9822336743974938,1,17,1
0.9538917337911187,1,1,0
1.0535182580114966,36,2,1
0.9765412173947647,1,1,0
1.0023699335658207,4,2,0
0.9504731837434656,2,3,0
1.003490104249501,1,1,0
1.016306651112106,4,1,0
0.9982644115147379,2,1,0
0.9642348145370015,1,1,0
2.7278179880332045,1,1,1
0.9713168996559882,1,1,0
0.9845393812074392,2,1,0
1.027989522396552,6,1,0
0.9509245674476025,5,2,0
1.016208317624422,1,2,0
0.9153767685142591,2,1,0
1.0129941397124211,5,1,0
1.0199568057176036,2,1,0
0.9744991800572627,1,1,0
5.386499526678486,1,1,1
0.9332327820644949,5,1,0
0.9613495108072266,3,1,0
0.9779977756651508,4,1,0
1.0027862456144347,5,1,0
0.9704214305582085,2,1,0
1.0485785475477178,2,1,0
0.989115939838639,1,1,0
0.9990491896048656,2,1,0
0.9769680614520106,1,2,0
0.9893276424144076,2,2,0
1.0248999145622726,2,2,0
1.0559787455717289,1,1,0
1.0169248203747208,5,3,0
0.99702373219691,1,1,0
1.0192658689864418,4,1,0
0.9525401031396221,2,10,1
0.9538383376944548,1,1,0
1.0087288906415919,2,1,0
1.1928373565808918,1,14,1
1.048777256356118,2,1,0
1.0579664901682124,4,1,0
0.9487806179332855,1,1,0
1.0163463686882082,1,1,0
0.9292314628974793,1,1,0
0.9955439980243606,1,2,0
0.9996013679341691,4,3,0
0.9972207664544772,2,1,0
7.7187206863648266,3,1,1
1.001415918806523,3,1,0
0.9623131917821255,1,2,0
1.136008458329481,1,3,0
0.9989549203017926,5,1,0
1.0121843605745957,2,2,0
1.113780582269787,3,10,1
1.0148492336616592,1,1,0
1.0293428546900134,2,1,0
0.8959035296058139,1,1,0
1.0162041984697399,1,1,0
0.9920030735018286,5,1,0
4.9387152079294445,1,1,1
0.9196258382719387,5,1,0
0.9862474151424178,1,1,0
1.061890815598673,4,1,0
0.9632399482618377,35,2,1
1.0048497982496358,1,1,0
0.9293848149332354,2,3,0
2.316960118188332,2,1,1
0.9727540456595525,4,1,0
0.9730120159845319,2,1,0
0.9928810257489353,2,1,0
7.818913187802709,1,1,1
0.9335906975550785,2,1,0
1.0413591624518013,2,1,0
0.9832749382079525,1,1,0
1.0093383382238539,4,1,0
0.9613105400448213,4,3,0
1.0635777547497078,2,1,0
1.0353875967727737,3,1,0
1.0146536236649342,1,1,0
1.029415860324229,3,1,0
0.8764177749936355,2,1,0
1.0157123666297636,3,1,0
0.9716851135198614,1,2,0
0.9590889658383264,2,1,0
0.9757882963566874,1,1,0
0.9865062532353315,2,1,0
1.0190654806132393,71,1,1
0.977674252396649,1,1,0
1.0150773671166806,3,1,0
0.978372090609019,1,1,0
1.0312833673882502,3,2,0
0.9719909479901515,1,1,0
0.9388936095554027,3,1,0
0.9248428523440947,4,2,0
1.0204126377857237,1,1,0
0.9604762772277344,1,2,0
0.9813662208024013,86,1,1
0.9511222377600724,2,1,0
0.9734240181287108,3,15,1
0.9640077895802646,4,1,0
3.816650769631803,1,1,1
1.0236916460455894,5,1,0
1.0623042596248815,1,1,0
0.959209485751728,2,1,0
0.9493584439832788,3,2,0
0.9974880945275432,1,1,0
1.017180914478423,2,1,0
0.9701740512685092,3,8,1
1.1316191032418694,1,1,0
1.0377695612912878,1,1,0
1.0235734178568,2,1,0
0.9936041204259617,4,1,0
0.9381092250586576,1,2,0
1.0166831052643475,1,1,0
1.0544475298483682,1,1,0
0.9424503211288848,2,1,0
0.9221685413238048,1,1,0
0.9309949270892555,5,1,0
1.0828104126028648,56,2,1
1.0345071995855557,2,1,0
1.0339798874467339,3,1,0
0.9020164938060112,1,1,0
1.0311652856004778,2,10,1
1.1076591228755779,3,1,0
0.971209087967766,1,1,0
0.9408986826472894,3,19,1
1.0574636663142838,1,1,0
1.0006964645956473,1,1,0
1.008659046292559,3,1,0
0.998250575475152,2,3,0
5.550301813354403,1,3,1
1.0281484618345285,1,1,0
1.0168558301298036,2,19,1
1.081917986613547,55,2,1
1.0571877021603464,1,1,0
1.0589123947667514,1,17,1
1.05792977895037,1,1,0
0.9172571664067115,6,1,0
0.9659987639210754,3,2,0
1.0054697397302446,1,2,0
0.9493947812369916,2,1,0
1.0360836032021619,1,1,0
0.9986743062275392,2,1,0
1.0032140009547732,1,1,0
1.0941012248237516,2,1,0
0.9598861365389191,4,1,0
1.0877670421221601,1,3,0
1.0033759240705054,2,1,0
0.9770319550229878,2,1,0
1.0375966516343387,2,2,0
1.0305838144420434,1,1,0
1.0173224104748488,1,1,0
1.0023490296882371,2,1,0
1.0153838326700557,72,2,1
1.0256892975456104,1,1,0
0.9570821109909393,1,1,0
0.9878469400559566,40,2,1
0.9765262807032524,5,1,0
1.0350154939704497,2,2,0
1.0104431797502378,6,1,0
0.9507136976832228,1,1,0
1.0516232630275573,1,2,0
1.0305185132716732,1,3,0
0.9828656202959826,2,1,0
1.0838218656137641,2,1,0
1.067271002307749,1,3,0
1.022213165574302,1,1,0
1.0924478047472672,2,1,0
0.85,2,1,0
1.0327182828177028,1,1,0
1.0153649760438304,3,3,0
1.0166157005989795,1,2,0
1.0125246425172938,1,1,0
1.010550873360131,2,1,0
0.9980222423071673,3,1,0
1.004329489373645,2,1,0
1.0843570817536283,3,1,0
0.9339771693457862,1,3,0
0.9381524644560959,1,2,0
1.056328251477388,2,1,0
1.0573015072071033,87,1,1
0.9872511391289572,3,1,0
0.9640777889373782,4,1,0
1.0106989955367112,1,1,0
0.9392905693606134,1,1,0
1.0236618812286773,2,1,0
0.929907446860386,5,1,0
0.9648411787437057,1,2,0
0.9110639875547861,5,2,0
1.0092316929266152,2,2,0
0.9972039775738893,49,1,1
1.0076862552972763,2,1,0
1.0748022155744592,1,1,0
0.980734320156912,2,1,0
1.0424801048510512,2,1,0
0.9202786170602817,2,1,0
1.0701397155468049,1,2,0
1.0241236207621593,2,1,0
1.0541525621587637,1,1,0
0.9148308780322423,1,3,0
0.9762527344419522,2,1,0
0.9625756731721723,1,1,0
1.0526576426666452,6,2,0
0.9748262172941901,1,1,0
1.0036658983594202,1,2,0
1.0002621849859092,5,1,0
0.9359785323751858,1,1,0
1.0296550628984191,3,1,0
5.603499181922816,1,1,1
1.004093706969316,1,2,0
1.0834510762644696,1,1,0
4.278424428929893,1,1,1
1.0876135221711811,2,1,0
6.365786826198132,1,3,1
1.0796593313319698,1,1,0
1.052682089830392,2,1,0
1.0356499215086195,1,1,0
1.017087798788858,1,1,0
1.1818010998947037,3,12,1
0.9584524941794481,1,2,0
0.9284929311019684,4,2,0
0.9525300555584029,2,1,0
0.9983652625952953,1,2,0
0.9481376922836772,6,1,0
1.0030115104970514,3,1,0
1.0022785919951906,1,1,0
1.0088850500466626,4,1,0
0.9377672648344292,2,1,0
0.8963304883795925,3,1,0
1.0479635413042603,2,1,0
0.9482413947533727,2,17,1
1.0092418061847437,5,1,0
0.9674199826197092,4,1,0
1.0877397090992182,3,1,0
0.9444712077267086,3,1,0
0.9844866621703272,1,3,0
0.9884532734895661,4,1,0
1.0355807439044444,1,2,0
1.058978147553434,3,11,1
1.0161359280169044,2,1,0
1.0221909714073114,1,2,0
0.9937106539950176,3,1,0
0.9920996050710505,2,1,0
1.0793008408072675,4,1,0
1.043616031836034,3,1,0
0.9620433669223151,3,1,0
0.9764034067105283,2,1,0
1.0001143968071753,98,1,1
1.0128014867156938,1,1,0
0.9242404468900723,3,1,0
0.9296268112811722,2,1,0
0.9756437308117651,1,2,0
0.9352460613968192,1,1,0
1.031120131395882,1,10,1
0.9559622955198634,42,1,1
3.5534256487588376,1,1,1
1.0111942012139565,1,3,0
1.0885400317817755,1,2,0
0.9863638215126165,3,1,0
0.9712181086881113,2,1,0
0.9756196887963753,2,1,0
0.980587847323923,38,1,1
1.0385432596943482,2,1,0
0.9749121478207732,1,1,0
1.0252493639490228,4,1,0
1.0462013509603452,3,2,0
1.0328276804316916,3,2,0
0.9618370421728741,4,1,0
0.9389578175014489,3,1,0
1.0417846056032571,2,1,0
0.9555242785187238,3,1,0
1.128667990162493,2,1,0
0.9207052502668399,1,16,1
1.0061004907322681,6,2,0
1.0103801675700312,77,1,1
0.9148708197881079,1,2,0
0.9268242525933941,1,2,0
0.983698823391608,3,1,0
0.960373963078365,1,1,0
1.0414702790591746,2,1,0
0.9819516917090461,1,1,0
1.0982362566458195,1,1,0
1.0127210421650608,1,1,0
1.0416961077274451,1,1,0
1.025751763360433,1,3,0
0.9339883396489679,1,1,0
1.0676936187082706,1,3,0
1.1280042269134398,1,1,0
0.9881590696629996,5,1,0
0.9882923312638332,2,2,0
0.9870204324318198,3,2,0
6.0015646847520845,4,1,1
1.013998431315991,1,1,0
1.0832737222231288,3,1,0
1.028853606359027,1,1,0
0.990800833182366,2,2,0
1.024468728061396,2,1,0
1.000255672832123,3,3,0
1.0173790852680835,2,1,0
0.9890449735595568,2,1,0
0.9466189785308703,1,1,0
0.930071621309043,3,1,0
1.0528561113109458,2,1,0
0.9993251387631032,2,1,0
1.0178893680174141,2,1,0
0.9540287882883098,2,1,0
1.0187849009172836,3,1,0
0.9964917144270676,3,3,0
0.9634816684141432,1,2,0
1.0440819878474725,1,1,0
1.1094901466608835,3,2,0
1.0140495933867517,1,1,0
1.0589648592031913,3,1,0
0.9296244152641089,2,1,0
1.0245959585753253,2,1,0
1.0239489912873196,2,1,0
0.9562190873307621,2,1,0
1.0406758608684834,2,1,0
0.9446832512996985,2,1,0
0.8849039417632207,1,1,0
0.9972852566741094,4,1,0
1.004982568254382,2,3,0
1.0349552101625061,1,16,1
0.9165297359439314,1,1,0
1.04062629111971,1,1,0
0.9137541083743483,1,3,0
1.0932887255572379,2,1,0
1.0369233289997706,2,1,0
1.003868415382381,2,1,0
0.9595850857322424,2,2,0
0.9963585543671564,1,2,0
0.9951970050137675,2,3,0
0.9613587392731214,1,1,0
1.0103843843581555,5,1,0
0.966153899984702,1,1,0
0.9839307079173504,2,2,0
0.9694241098504026,2,1,0
0.9971527188139466,3,1,0
1.0085432719063971,1,1,0
0.9653545202369673,3,1,0
1.0524504612918444,2,1,0
1.0458930973527387,5,1,0
1.0009216966532697,1,1,0
1.0017631775985865,1,1,0
0.9603563583868828,3,1,0
0.9265296963339984,1,17,1
1.0065370288643045,4,1,0
1.0280392263184117,3,1,0
1.0393542301871226,2,1,0
0.9794061516938767,1,1,0
0.9610847637298844,3,1,0
0.9700312488523114,1,2,0
0.964782815472862,2,1,0
1.0288278481527884,1,1,0
0.9718766612052866,1,1,0
1.0202025428407269,4,1,0
0.9795962313489224,1,2,0
0.9711548172168798,4,1,0
0.9930867849414408,2,1,0
0.987865062608736,68,1,1
1.1037700399322719,1,1,0
0.9890164056081244,3,1,0
0.9531087480042438,3,1,0
1.0411272456051595,3,1,0
0.9214887640054772,2,1,0
1.0024260813972414,4,2,0
1.034302572999922,1,1,0
0.973487119081378,1,1,0
1.0112046240905208,4,1,0
1.0484322495266445,1,2,0
0.9718137723598013,2,1,0
1.0600606961081973,6,1,0
1.0116024968678818,2,1,0
0.9636431412087566,1,1,0
0.9942631779266551,1,2,0
0.9043359877671101,1,1,0
1.001050192081638,1,1,0
1.0378494308322677,2,3,0
1.0938085419607944,4,1,0
1.0005116530509794,2,1,0
1.0411030079997246,1,2,0
0.9054994914408528,95,1,1
1.0067405886837804,4,14,1
0.8651556678529214,2,1,0
2.997531982098204,2,1,1
0.9621824627357848,3,1,0
0.96920976577294,4,15,1
0.9674678715439087,1,2,0
5.171939623935653,3,1,1
1.0432877597085062,1,1,0
0.8980937732411073,1,1,0
1.0435562351715846,1,1,0
0.9879837300920933,2,1,0
0.9242576387657068,2,1,0
1.0190098925502982,1,1,0
0.9907548931778506,2,1,0
0.9875481980221811,5,1,0
0.9435474114391386,1,1,0
1.0135228412889918,3,1,0
1.0165631715701782,1,1,0
1.0822483856750642,2,1,0
1.0144887428448206,4,1,0
1.063594621096933,56,1,1
0.9622308533823338,1,1,0
1.1061078098506316,1,1,0
0.9887111849756732,1,1,0
1.0406754818000319,3,1,0
0.9401061053705576,1,2,0
0.9512659164886339,1,1,0
1.0099529847786735,1,1,0
1.0428199397161737,1,1,0
1.0075196893238103,2,1,0
4.612377940398509,1,3,1
1.0638838410949254,2,1,0
1.0739972069445014,1,1,0
0.9746528412314435,2,1,0
1.0906224278998464,2,1,0
1.027354869058502,1,2,0
0.9726570529379804,1,1,0
0.9224668284466934,3,1,0
0.9728287614433118,2,1,0
1.0710003259037053,1,15,1
0.9882706433312427,3,1,0
1.072557180389752,1,3,0
1.0164375554829843,1,3,0
0.9723175347326409,3,2,0
0.9993876613576542,4,1,0
0.9842365377679827,1,1,0
1.0307083350021713,1,1,0
0.954530627260263,1,1,0
1.1222875989808414,4,1,0
1.0732824384460777,4,1,0
0.973863848974048,1,1,0
1.0769018283232985,2,1,0
1.0943092950605264,3,1,0
1.0720636644533057,2,1,0
1.016897876411606,64,1,1
1.0037047390209888,4,1,0
0.9828642741736615,1,1,0
